, кото	46402	0.00171
которы	43689	0.00161
только	38685	0.00143
сказал	38579	0.00142
тельно	31337	0.00116
ственн	29966	0.00111
ительн	29719	0.00110
, чтоб	26815	0.00099
челове	26178	0.00097
говори	25883	0.00096
о, что	25151	0.00093
которо	21897	0.00081
скольк	20625	0.00076
еловек	20404	0.00075
, когд	20075	0.00074
ически	18469	0.00068
ь, что	18090	0.00067
л, что	18072	0.00067
времен	17485	0.00065
оторые	17421	0.00064
господ	15828	0.00058
теперь	15660	0.00058
твенно	15610	0.00058
колько	15565	0.00057
ствова	15032	0.00055
о было	14925	0.00055
что он	14694	0.00054
больше	14336	0.00053
оторый	14278	0.00053
м, что	14216	0.00052
просто	13978	0.00052
ательн	13917	0.00051
ничего	13836	0.00051
послед	13105	0.00048
потому	12993	0.00048
е, что	12905	0.00048
оворит	12788	0.00047
уществ	12608	0.00047
станов	12437	0.00046
тическ	12330	0.00046
е было	12086	0.00045
казыва	11902	0.00044
нескол	11833	0.00044
есколь	11833	0.00044
сторон	11833	0.00044
, если	11601	0.00043
просил	11519	0.00043
действ	11476	0.00042
его не	11403	0.00042
чувств	11359	0.00042
о врем	11249	0.00042
предст	11147	0.00041
против	11082	0.00041
смотре	11077	0.00041
тельны	11021	0.00041
оворил	11013	0.00041
не был	10986	0.00041
ическо	10920	0.00040
— сказ	10865	0.00040
возмож	10863	0.00040
озможн	10730	0.00040
я, что	10668	0.00039
казать	10599	0.00039
………………	10327	0.00038
сущест	10326	0.00038
спроси	10325	0.00038
т, что	10222	0.00038
нибудь	10214	0.00038
, пото	10175	0.00038
и, что	10111	0.00037
редста	10087	0.00037
то был	10057	0.00037
твенны	9956	0.00037
расска	9829	0.00036
не зна	9744	0.00036
-нибуд	9598	0.00035
витель	9571	0.00035
едстав	9562	0.00035
не мог	9510	0.00035
, — ск	9466	0.00035
оказал	9463	0.00035
конечн	9421	0.00035
зможно	9412	0.00035
тому ч	9108	0.00034
ть, чт	9094	0.00034
ставля	9085	0.00034
следов	9060	0.00033
сейчас	9052	0.00033
му что	9040	0.00033
ествен	9018	0.00033
ваться	9015	0.00033
истори	9008	0.00033
ому чт	8946	0.00033
ал, чт	8929	0.00033
соверш	8865	0.00033
енного	8849	0.00033
тельст	8848	0.00033
ельств	8847	0.00033
правил	8840	0.00033
оследн	8833	0.00033
танови	8767	0.00032
ассказ	8766	0.00032
предел	8740	0.00032
е врем	8729	0.00032
вается	8728	0.00032
ледова	8635	0.00032
всегда	8540	0.00032
онечно	8468	0.00031
понима	8426	0.00031
ействи	8395	0.00031
извест	8355	0.00031
– сказ	8320	0.00031
твовал	8288	0.00031
енност	8200	0.00030
делать	8195	0.00030
то, чт	8140	0.00030
у, что	8124	0.00030
пример	7938	0.00029
ремени	7918	0.00029
то это	7895	0.00029
ставил	7794	0.00029
однако	7781	0.00029
остави	7745	0.00029
огда н	7714	0.00028
что-то	7673	0.00028
почему	7624	0.00028
льност	7602	0.00028
ом, чт	7592	0.00028
казала	7575	0.00028
о, как	7563	0.00028
лись в	7557	0.00028
у меня	7531	0.00028
чего н	7485	0.00028
а, что	7429	0.00027
вернул	7418	0.00027
это бы	7410	0.00027
что эт	7399	0.00027
работа	7349	0.00027
ного п	7335	0.00027
огда о	7334	0.00027
икогда	7305	0.00027
никогд	7303	0.00027
не при	7294	0.00027
сказат	7259	0.00027
но был	7250	0.00027
оторых	7232	0.00027
, – ск	7183	0.00027
собств	7171	0.00026
ременн	7139	0.00026
некото	7110	0.00026
екотор	7109	0.00026
своего	7109	0.00026
мотрел	7079	0.00026
у него	7029	0.00026
звестн	7022	0.00026
способ	6977	0.00026
лся на	6970	0.00026
значит	6969	0.00026
авлени	6939	0.00026
а, кот	6927	0.00026
продол	6828	0.00025
го, чт	6824	0.00025
ответи	6813	0.00025
обстве	6798	0.00025
бствен	6795	0.00025
его по	6786	0.00025
именно	6782	0.00025
том, ч	6748	0.00025
хорошо	6729	0.00025
казало	6715	0.00025
родолж	6714	0.00025
совсем	6709	0.00025
т быть	6684	0.00025
оверше	6645	0.00025
ставит	6625	0.00024
образо	6620	0.00024
другой	6559	0.00024
ирован	6551	0.00024
доволь	6533	0.00024
залось	6529	0.00024
осмотр	6522	0.00024
женщин	6497	0.00024
ется в	6495	0.00024
азалос	6489	0.00024
одного	6455	0.00024
ражени	6439	0.00024
остоян	6428	0.00024
помина	6424	0.00024
, пока	6383	0.00024
словно	6351	0.00023
азывае	6325	0.00023
большо	6324	0.00023
ться в	6281	0.00023
ого по	6279	0.00023
ностью	6279	0.00023
ловека	6270	0.00023
торого	6259	0.00023
нтерес	6247	0.00023
интере	6243	0.00023
наконе	6211	0.00023
ся, чт	6175	0.00023
ть его	6170	0.00023
увство	6157	0.00023
ого, ч	6151	0.00023
вались	6145	0.00023
показа	6144	0.00023
вопрос	6136	0.00023
е, как	6094	0.00022
аконец	6072	0.00022
тветил	6067	0.00022
ет быт	6065	0.00022
больши	6037	0.00022
должен	6013	0.00022
получи	5993	0.00022
о не п	5976	0.00022
слышал	5964	0.00022
и, кот	5963	0.00022
ожет б	5959	0.00022
о пере	5951	0.00022
щество	5939	0.00022
зывает	5922	0.00022
льного	5908	0.00022
комнат	5902	0.00022
называ	5898	0.00022
в этом	5895	0.00022
если б	5893	0.00022
сь, чт	5890	0.00022
сделал	5885	0.00022
жет бы	5879	0.00022
опреде	5861	0.00022
встреч	5841	0.00022
оторой	5806	0.00021
азал о	5803	0.00021
ершенн	5790	0.00021
странн	5789	0.00021
оставл	5780	0.00021
что не	5768	0.00021
оторое	5760	0.00021
котора	5748	0.00021
оторая	5747	0.00021
. если	5746	0.00021
гда он	5735	0.00021
ности,	5706	0.00021
вместе	5705	0.00021
еловеч	5674	0.00021
но, чт	5664	0.00021
не про	5664	0.00021
дставл	5650	0.00021
ляется	5639	0.00021
следую	5634	0.00021
говоря	5627	0.00021
и, как	5620	0.00021
объясн	5615	0.00021
спольз	5600	0.00021
его на	5599	0.00021
нность	5596	0.00021
ования	5590	0.00021
и пере	5562	0.00021
жно бы	5555	0.00021
подума	5547	0.00020
е пред	5538	0.00020
ного с	5511	0.00020
приход	5509	0.00020
вершен	5501	0.00020
вление	5494	0.00020
алось,	5490	0.00020
случае	5473	0.00020
соглас	5470	0.00020
е всег	5455	0.00020
что на	5432	0.00020
особен	5411	0.00020
следни	5404	0.00020
стояни	5403	0.00020
гда не	5388	0.00020
ли, чт	5381	0.00020
е того	5374	0.00020
оторог	5355	0.00020
его пр	5348	0.00020
инстве	5347	0.00020
начина	5336	0.00020
ледующ	5311	0.00020
ршенно	5311	0.00020
нечно,	5305	0.00020
взгляд	5301	0.00020
нствен	5284	0.00020
остров	5270	0.00019
подобн	5266	0.00019
находи	5265	0.00019
вления	5260	0.00019
лишком	5255	0.00019
стальн	5249	0.00019
остран	5247	0.00019
посмот	5247	0.00019
а была	5233	0.00019
слишко	5228	0.00019
знаком	5227	0.00019
начала	5220	0.00019
поэтом	5218	0.00019
голову	5214	0.00019
е оста	5210	0.00019
ческой	5203	0.00019
прекра	5198	0.00019
твител	5198	0.00019
ствите	5198	0.00019
кажетс	5197	0.00019
ажется	5196	0.00019
ловече	5187	0.00019
то про	5184	0.00019
ровать	5180	0.00019
ложени	5177	0.00019
это не	5171	0.00019
, и он	5161	0.00019
увидел	5161	0.00019
было н	5157	0.00019
пользо	5146	0.00019
состоя	5146	0.00019
и друг	5145	0.00019
одолжа	5135	0.00019
льзова	5123	0.00019
ользов	5122	0.00019
ование	5122	0.00019
правда	5121	0.00019
тся на	5118	0.00019
аленьк	5115	0.00019
малень	5112	0.00019
зал он	5110	0.00019
оэтому	5104	0.00019
что пр	5102	0.00019
ого не	5087	0.00019
ческих	5077	0.00019
ться с	5072	0.00019
ворить	5066	0.00019
ил, чт	5063	0.00019
замети	5044	0.00019
возвра	5043	0.00019
равлен	5039	0.00019
настоя	5033	0.00019
егодня	5032	0.00019
сегодн	5032	0.00019
ать, ч	5031	0.00019
, но н	5028	0.00019
адцать	5013	0.00019
о есть	5011	0.00019
остано	5011	0.00019
о пред	5004	0.00018
оложен	4995	0.00018
овечес	4980	0.00018
о всем	4969	0.00018
и сказ	4960	0.00018
огда в	4959	0.00018
лько п	4956	0.00018
отправ	4950	0.00018
, и по	4949	0.00018
ться н	4949	0.00018
что по	4947	0.00018
ь, как	4946	0.00018
е, чем	4938	0.00018
ись на	4938	0.00018
произв	4921	0.00018
е толь	4911	0.00018
о не с	4895	0.00018
положе	4893	0.00018
нности	4890	0.00018
на это	4877	0.00018
лись н	4876	0.00018
вообще	4867	0.00018
роисхо	4865	0.00018
происх	4865	0.00018
поднял	4861	0.00018
ился в	4852	0.00018
надцат	4851	0.00018
ельнос	4849	0.00018
азывал	4841	0.00018
а пото	4835	0.00018
исполь	4825	0.00018
йствит	4823	0.00018
немног	4817	0.00018
ю, что	4815	0.00018
ческий	4806	0.00018
направ	4792	0.00018
ого пр	4788	0.00018
ановил	4772	0.00018
, хотя	4756	0.00018
прежде	4753	0.00018
сли бы	4747	0.00018
вольно	4746	0.00018
, а по	4741	0.00018
. когд	4736	0.00017
е може	4733	0.00017
емного	4731	0.00017
м, как	4726	0.00017
, но в	4714	0.00017
каждый	4693	0.00017
о том,	4690	0.00017
свобод	4679	0.00017
лько с	4678	0.00017
ет, чт	4676	0.00017
смотри	4674	0.00017
ствует	4673	0.00017
еменно	4648	0.00017
ть сво	4647	0.00017
астоящ	4641	0.00017
правле	4641	0.00017
оторым	4633	0.00017
, в ко	4630	0.00017
ываетс	4628	0.00017
отором	4627	0.00017
простр	4617	0.00017
лько н	4616	0.00017
читель	4614	0.00017
, пере	4608	0.00017
лько в	4605	0.00017
то так	4602	0.00017
благод	4589	0.00017
наверн	4582	0.00017
ождени	4573	0.00017
вокруг	4571	0.00017
достат	4568	0.00017
е пере	4565	0.00017
ставле	4561	0.00017
тавлен	4560	0.00017
собенн	4558	0.00017
дальше	4553	0.00017
ного в	4544	0.00017
сказыв	4534	0.00017
ношени	4530	0.00017
вляетс	4530	0.00017
ростра	4528	0.00017
вствов	4523	0.00017
еского	4515	0.00017
а меня	4514	0.00017
пустил	4502	0.00017
риходи	4498	0.00017
медлен	4479	0.00017
осподи	4477	0.00017
казали	4467	0.00016
о сказ	4462	0.00016
тобы п	4452	0.00016
а него	4443	0.00016
как он	4440	0.00016
других	4434	0.00016
и не п	4425	0.00016
открыт	4422	0.00016
оказыв	4419	0.00016
правит	4419	0.00016
ать на	4408	0.00016
рнулся	4405	0.00016
осподь	4397	0.00016
енно п	4393	0.00016
. одна	4393	0.00016
ернулс	4389	0.00016
нимани	4381	0.00016
четыре	4378	0.00016
быстро	4377	0.00016
собира	4362	0.00016
едленн	4360	0.00016
ествов	4359	0.00016
спокой	4353	0.00016
и пред	4347	0.00016
м обра	4344	0.00016
ческог	4338	0.00016
призна	4335	0.00016
, слов	4331	0.00016
он был	4330	0.00016
овател	4326	0.00016
бразом	4323	0.00016
движен	4321	0.00016
ожност	4320	0.00016
предпо	4320	0.00016
ческие	4317	0.00016
ался в	4317	0.00016
обенно	4306	0.00016
огромн	4298	0.00016
оторую	4298	0.00016
котору	4298	0.00016
значен	4295	0.00016
то они	4279	0.00016
вестно	4272	0.00016
ведени	4265	0.00016
в кото	4265	0.00016
огда п	4264	0.00016
е буде	4257	0.00016
красно	4253	0.00016
положи	4247	0.00016
овольн	4245	0.00016
вижени	4238	0.00016
а друг	4222	0.00016
но про	4210	0.00016
, коне	4196	0.00015
я, как	4193	0.00015
сердце	4189	0.00015
тавить	4181	0.00015
ожеств	4175	0.00015
было п	4163	0.00015
полага	4162	0.00015
осталь	4162	0.00015
другие	4153	0.00015
может,	4147	0.00015
й день	4138	0.00015
матери	4138	0.00015
лась в	4135	0.00015
ироват	4134	0.00015
о-нибу	4121	0.00015
не буд	4120	0.00015
веческ	4113	0.00015
уже не	4108	0.00015
ованны	4091	0.00015
ется н	4090	0.00015
остато	4089	0.00015
но при	4088	0.00015
льство	4085	0.00015
альные	4084	0.00015
не мож	4080	0.00015
разгов	4078	0.00015
овреме	4068	0.00015
едоват	4067	0.00015
какой-	4066	0.00015
и были	4053	0.00015
вперед	4049	0.00015
о тако	4047	0.00015
енными	4046	0.00015
то ест	4039	0.00015
то при	4039	0.00015
тороны	4021	0.00015
. пото	4013	0.00015
о боль	4009	0.00015
аметил	3998	0.00015
нельзя	3997	0.00015
как бы	3989	0.00015
покойн	3988	0.00015
самого	3987	0.00015
позвол	3985	0.00015
страшн	3982	0.00015
постав	3982	0.00015
стольк	3981	0.00015
рекрас	3977	0.00015
му, чт	3977	0.00015
единст	3973	0.00015
обходи	3971	0.00015
лагода	3970	0.00015
началь	3961	0.00015
тальны	3950	0.00015
динств	3949	0.00015
ется с	3947	0.00015
момент	3945	0.00015
е знаю	3943	0.00015
уверен	3942	0.00015
на нег	3941	0.00015
е гово	3941	0.00015
лось в	3937	0.00015
го про	3937	0.00015
ла она	3937	0.00015
льно п	3932	0.00015
ветств	3929	0.00015
являет	3928	0.00015
написа	3928	0.00015
м случ	3921	0.00014
лько о	3921	0.00014
об это	3917	0.00014
все эт	3899	0.00014
общест	3893	0.00014
из них	3893	0.00014
бществ	3890	0.00014
ак что	3888	0.00014
дленно	3882	0.00014
вероят	3877	0.00014
кто не	3876	0.00014
екрасн	3870	0.00014
одумал	3868	0.00014
священ	3864	0.00014
е, кот	3864	0.00014
ероятн	3863	0.00014
в свое	3862	0.00014
города	3859	0.00014
валось	3855	0.00014
ого, к	3854	0.00014
не так	3852	0.00014
есте с	3844	0.00014
ределе	3840	0.00014
не тол	3831	0.00014
причин	3820	0.00014
и даже	3815	0.00014
е не п	3814	0.00014
ждения	3808	0.00014
гическ	3803	0.00014
оисход	3794	0.00014
е могу	3789	0.00014
ного и	3786	0.00014
так чт	3784	0.00014
а земл	3782	0.00014
циальн	3766	0.00014
еделен	3760	0.00014
а, как	3760	0.00014
первый	3756	0.00014
во все	3754	0.00014
о не в	3753	0.00014
ельный	3750	0.00014
ься на	3744	0.00014
ется п	3735	0.00014
исходи	3729	0.00014
видеть	3728	0.00014
велико	3727	0.00014
ли его	3725	0.00014
ичеств	3716	0.00014
хватил	3708	0.00014
ировал	3707	0.00014
не вид	3704	0.00014
и не с	3702	0.00014
было в	3691	0.00014
сделат	3685	0.00014
вились	3683	0.00014
лись с	3682	0.00014
ключен	3673	0.00014
далеко	3666	0.00014
б этом	3661	0.00014
о прои	3661	0.00014
бросил	3657	0.00014
состав	3656	0.00013
л, как	3656	0.00013
голово	3653	0.00013
, но о	3650	0.00013
было с	3647	0.00013
остава	3646	0.00013
статоч	3643	0.00013
икто н	3639	0.00013
один и	3639	0.00013
ьность	3631	0.00013
ем, чт	3630	0.00013
огда я	3629	0.00013
ившись	3623	0.00013
ажение	3621	0.00013
отноше	3621	0.00013
авител	3620	0.00013
тношен	3619	0.00013
смерти	3619	0.00013
ссказы	3616	0.00013
таточн	3616	0.00013
ьности	3615	0.00013
озвращ	3609	0.00013
обычно	3607	0.00013
отвеча	3602	0.00013
тобы о	3598	0.00013
ого на	3594	0.00013
одится	3591	0.00013
е боль	3590	0.00013
рашива	3589	0.00013
ступил	3585	0.00013
ы были	3584	0.00013
меня н	3575	0.00013
альной	3574	0.00013
и оста	3574	0.00013
агодар	3573	0.00013
лись п	3555	0.00013
не под	3548	0.00013
если в	3546	0.00013
что ты	3544	0.00013
иваетс	3544	0.00013
должно	3542	0.00013
к нему	3537	0.00013
воздух	3532	0.00013
, не п	3530	0.00013
мальчи	3529	0.00013
америк	3529	0.00013
о чело	3527	0.00013
иногда	3527	0.00013
априме	3526	0.00013
ителей	3525	0.00013
какого	3522	0.00013
. он п	3521	0.00013
на про	3519	0.00013
ение в	3517	0.00013
должны	3516	0.00013
ось, ч	3516	0.00013
ждение	3513	0.00013
солнце	3511	0.00013
нулась	3508	0.00013
можно,	3507	0.00013
валась	3506	0.00013
не пон	3505	0.00013
одител	3502	0.00013
бходим	3502	0.00013
ходить	3495	0.00013
необхо	3493	0.00013
ился н	3492	0.00013
о друг	3491	0.00013
наприм	3490	0.00013
еобход	3490	0.00013
жность	3489	0.00013
начит,	3487	0.00013
дстави	3485	0.00013
правля	3482	0.00013
рическ	3479	0.00013
заключ	3479	0.00013
аться,	3478	0.00013
ения и	3477	0.00013
льше н	3476	0.00013
во вре	3474	0.00013
ности.	3468	0.00013
то вре	3467	0.00013
ается,	3463	0.00013
е прос	3462	0.00013
потреб	3462	0.00013
оговор	3461	0.00013
повтор	3461	0.00013
авляет	3457	0.00013
ринима	3457	0.00013
приним	3457	0.00013
ольшой	3454	0.00013
ал он.	3450	0.00013
прашив	3448	0.00013
различ	3443	0.00013
аверно	3440	0.00013
новени	3429	0.00013
израил	3429	0.00013
превра	3426	0.00013
о само	3422	0.00013
на пол	3422	0.00013
ое вре	3422	0.00013
основа	3420	0.00013
строен	3419	0.00013
ходили	3419	0.00013
оловой	3419	0.00013
а пере	3418	0.00013
азать,	3405	0.00013
рованн	3404	0.00013
вниман	3398	0.00013
сходит	3393	0.00013
прошло	3390	0.00013
ществу	3383	0.00012
доктор	3382	0.00012
что та	3381	0.00012
о дела	3381	0.00012
еще не	3381	0.00012
меня в	3378	0.00012
аточно	3376	0.00012
нимает	3371	0.00012
ачальн	3368	0.00012
вященн	3359	0.00012
ватель	3355	0.00012
глядел	3353	0.00012
держал	3341	0.00012
наблюд	3340	0.00012
даже н	3339	0.00012
чество	3335	0.00012
и стал	3334	0.00012
ожно б	3331	0.00012
нского	3321	0.00012
жется,	3315	0.00012
ановит	3313	0.00012
а не п	3307	0.00012
вать с	3304	0.00012
обнару	3298	0.00012
бнаруж	3297	0.00012
, гово	3297	0.00012
вадцат	3297	0.00012
двадца	3297	0.00012
о буде	3294	0.00012
? — сп	3290	0.00012
тправи	3289	0.00012
можнос	3278	0.00012
строит	3277	0.00012
не име	3277	0.00012
что вы	3275	0.00012
команд	3274	0.00012
систем	3269	0.00012
но это	3266	0.00012
начени	3266	0.00012
твоват	3265	0.00012
не ста	3263	0.00012
принял	3263	0.00012
подним	3259	0.00012
, и не	3258	0.00012
ил его	3254	0.00012
тся по	3252	0.00012
, но и	3251	0.00012
альный	3250	0.00012
ельным	3250	0.00012
венной	3250	0.00012
о слов	3250	0.00012
азался	3249	0.00012
казалс	3242	0.00012
вполне	3241	0.00012
роятно	3241	0.00012
сутств	3239	0.00012
венный	3234	0.00012
льства	3230	0.00012
оказат	3229	0.00012
в том,	3227	0.00012
о гово	3227	0.00012
то все	3227	0.00012
ательс	3226	0.00012
радост	3221	0.00012
ение п	3220	0.00012
четвер	3219	0.00012
ение с	3219	0.00012
на зем	3216	0.00012
многие	3216	0.00012
ому, ч	3212	0.00012
вовать	3207	0.00012
кого п	3206	0.00012
переда	3204	0.00012
другим	3201	0.00012
перево	3201	0.00012
аправл	3199	0.00012
а кото	3196	0.00012
альных	3196	0.00012
ом слу	3190	0.00012
нулись	3190	0.00012
о стра	3189	0.00012
явлени	3187	0.00012
ческим	3182	0.00012
огда м	3179	0.00012
никако	3177	0.00012
честве	3172	0.00012
ак буд	3171	0.00012
о прос	3170	0.00012
следуе	3164	0.00012
это пр	3162	0.00012
тветст	3160	0.00012
ответс	3159	0.00012
, пред	3153	0.00012
, напр	3152	0.00012
нуться	3150	0.00012
ваются	3147	0.00012
меньше	3144	0.00012
здоров	3142	0.00012
на сво	3141	0.00012
я пере	3141	0.00012
приятн	3139	0.00012
степен	3138	0.00012
у тебя	3138	0.00012
а само	3138	0.00012
ительс	3136	0.00012
ствующ	3136	0.00012
сохран	3135	0.00012
ного м	3133	0.00012
ом дел	3133	0.00012
раться	3130	0.00012
ения в	3130	0.00012
на сам	3127	0.00012
казал:	3127	0.00012
дин из	3124	0.00012
я на с	3124	0.00012
красны	3123	0.00012
о толь	3122	0.00012
, може	3121	0.00012
и слов	3121	0.00012
должал	3120	0.00012
— спро	3116	0.00012
наружи	3114	0.00011
ает, ч	3114	0.00011
случай	3112	0.00011
й чело	3111	0.00011
думать	3110	0.00011
как по	3108	0.00011
было б	3100	0.00011
огда с	3099	0.00011
но так	3099	0.00011
о не з	3095	0.00011
его за	3094	0.00011
скорее	3092	0.00011
станет	3090	0.00011
как не	3089	0.00011
в конц	3089	0.00011
торону	3086	0.00011
, но п	3084	0.00011
, а не	3081	0.00011
едующи	3081	0.00011
е могл	3079	0.00011
другом	3078	0.00011
застав	3077	0.00011
ной ст	3074	0.00011
ставал	3072	0.00011
высоко	3070	0.00011
о свое	3070	0.00011
го при	3069	0.00011
ения с	3063	0.00011
опасно	3060	0.00011
пришло	3059	0.00011
услыша	3058	0.00011
ся в с	3056	0.00011
й, что	3056	0.00011
ой сто	3054	0.00011
м деле	3054	0.00011
держат	3047	0.00011
, одна	3046	0.00011
перест	3045	0.00011
, толь	3043	0.00011
спраши	3043	0.00011
они не	3040	0.00011
тобы в	3039	0.00011
щества	3039	0.00011
ществе	3038	0.00011
, и вс	3037	0.00011
как бу	3034	0.00011
ного к	3034	0.00011
как ра	3032	0.00011
помощь	3027	0.00011
осколь	3026	0.00011
содерж	3024	0.00011
е слов	3020	0.00011
видимо	3019	0.00011
и прос	3017	0.00011
занима	3017	0.00011
ультат	3013	0.00011
глубок	3012	0.00011
ался с	3010	0.00011
ообраз	3010	0.00011
стреча	3009	0.00011
о мной	3009	0.00011
кто-то	3008	0.00011
ного о	3008	0.00011
и посл	3008	0.00011
венным	3008	0.00011
езульт	2997	0.00011
резуль	2997	0.00011
сторож	2995	0.00011
первые	2992	0.00011
такого	2989	0.00011
али на	2988	0.00011
й стор	2987	0.00011
зульта	2987	0.00011
лось н	2983	0.00011
пользу	2982	0.00011
и толь	2982	0.00011
возник	2978	0.00011
о быть	2976	0.00011
помнил	2976	0.00011
лько м	2973	0.00011
ледует	2973	0.00011
ссказа	2971	0.00011
, и на	2969	0.00011
ать по	2968	0.00011
, даже	2965	0.00011
мужчин	2964	0.00011
то она	2964	0.00011
знаешь	2963	0.00011
раньше	2962	0.00011
довате	2959	0.00011
о расс	2958	0.00011
деревь	2957	0.00011
второй	2955	0.00011
ность,	2953	0.00011
обрати	2953	0.00011
о посл	2951	0.00011
ать не	2949	0.00011
получа	2948	0.00011
ла, чт	2947	0.00011
ример,	2945	0.00011
олучил	2945	0.00011
и одно	2939	0.00011
а свое	2938	0.00011
, — пр	2936	0.00011
мистер	2936	0.00011
отреть	2934	0.00011
мотрет	2934	0.00011
раздел	2933	0.00011
ости и	2929	0.00011
роизво	2927	0.00011
ращени	2926	0.00011
проход	2924	0.00011
ить на	2921	0.00011
вспомн	2918	0.00011
тается	2916	0.00011
авился	2916	0.00011
глянул	2916	0.00011
е стал	2914	0.00011
лась н	2911	0.00011
виться	2909	0.00011
се это	2909	0.00011
то-ниб	2906	0.00011
твержд	2898	0.00011
енно в	2896	0.00011
они по	2892	0.00011
постоя	2889	0.00011
откуда	2887	0.00011
леньки	2886	0.00011
вернут	2885	0.00011
глазам	2884	0.00011
, не с	2884	0.00011
го, ка	2884	0.00011
трудно	2884	0.00011
что вс	2884	0.00011
пособн	2884	0.00011
редпол	2884	0.00011
чилось	2883	0.00011
й жизн	2882	0.00011
ледств	2882	0.00011
следст	2879	0.00011
, на к	2877	0.00011
, оста	2877	0.00011
читать	2873	0.00011
транно	2870	0.00011
ранств	2869	0.00011
аю, чт	2869	0.00011
льно с	2868	0.00011
или по	2863	0.00011
о не б	2862	0.00011
завтра	2860	0.00011
утренн	2860	0.00011
оспода	2860	0.00011
ни был	2856	0.00011
твован	2855	0.00011
выгляд	2854	0.00011
кой-то	2853	0.00011
опусти	2853	0.00011
держив	2850	0.00011
ержива	2849	0.00011
лось п	2848	0.00011
он про	2846	0.00011
акой-т	2846	0.00011
е мест	2845	0.00011
ть это	2842	0.00010
ть все	2839	0.00010
е виде	2839	0.00010
ться о	2838	0.00010
предло	2837	0.00010
огласи	2836	0.00010
как на	2828	0.00010
е расс	2827	0.00010
он при	2827	0.00010
, но т	2825	0.00010
прочем	2822	0.00010
кольку	2821	0.00010
ть себ	2818	0.00010
поскол	2817	0.00010
спомни	2815	0.00010
ожение	2815	0.00010
мическ	2811	0.00010
лся по	2809	0.00010
ько по	2808	0.00010
азываю	2808	0.00010
госуда	2806	0.00010
ого ко	2806	0.00010
культу	2806	0.00010
осудар	2805	0.00010
тавляе	2805	0.00010
ворили	2804	0.00010
иально	2802	0.00010
едовал	2802	0.00010
корабл	2802	0.00010
ение и	2800	0.00010
лько д	2800	0.00010
старик	2798	0.00010
ть, ка	2797	0.00010
если т	2794	0.00010
на был	2791	0.00010
тобы н	2790	0.00010
лось с	2790	0.00010
аться.	2788	0.00010
стояще	2785	0.00010
, — от	2785	0.00010
м, кот	2784	0.00010
царств	2782	0.00010
ения п	2782	0.00010
впроче	2782	0.00010
огичес	2781	0.00010
полнен	2780	0.00010
ультур	2779	0.00010
странс	2778	0.00010
транст	2778	0.00010
зговор	2777	0.00010
азгово	2776	0.00010
ельные	2776	0.00010
к будт	2775	0.00010
ельно,	2775	0.00010
следне	2773	0.00010
, кром	2773	0.00010
авленн	2771	0.00010
е не с	2770	0.00010
амом д	2768	0.00010
лько ч	2768	0.00010
назван	2768	0.00010
того н	2767	0.00010
дитель	2766	0.00010
ровани	2762	0.00010
ельной	2761	0.00010
и не в	2761	0.00010
со мно	2759	0.00010
е были	2756	0.00010
в голо	2755	0.00010
сильно	2755	0.00010
тирова	2753	0.00010
выполн	2753	0.00010
спомин	2751	0.00010
ного д	2746	0.00010
, како	2744	0.00010
чается	2744	0.00010
енно с	2741	0.00010
альным	2739	0.00010
как пр	2738	0.00010
пробле	2738	0.00010
лись и	2738	0.00010
однима	2735	0.00010
бъясни	2733	0.00010
ется о	2731	0.00010
рел на	2729	0.00010
вместо	2724	0.00010
ение о	2722	0.00010
, будт	2720	0.00010
й, кот	2719	0.00010
на мен	2719	0.00010
лько т	2718	0.00010
смерть	2718	0.00010
не ост	2714	0.00010
оватьс	2712	0.00010
если о	2711	0.00010
, но с	2710	0.00010
распол	2710	0.00010
не раз	2707	0.00010
е знае	2705	0.00010
е посл	2703	0.00010
ался н	2699	0.00010
зывать	2699	0.00010
ться и	2698	0.00010
встрет	2697	0.00010
делает	2697	0.00010
то зна	2696	0.00010
мом де	2695	0.00010
и гово	2692	0.00010
нимать	2689	0.00010
тались	2689	0.00010
личест	2687	0.00010
енно н	2686	0.00010
трел н	2679	0.00010
ротиво	2678	0.00010
ованно	2677	0.00010
логиче	2675	0.00010
решени	2671	0.00010
реальн	2671	0.00010
.↵— не	2668	0.00010
появил	2668	0.00010
альчик	2667	0.00010
смотря	2665	0.00010
глядыв	2663	0.00010
лядыва	2663	0.00010
о если	2660	0.00010
ознани	2655	0.00010
ловек,	2655	0.00010
учител	2655	0.00010
свидет	2655	0.00010
идетел	2651	0.00010
видете	2651	0.00010
или на	2650	0.00010
поступ	2648	0.00010
, и пр	2648	0.00010
т меня	2645	0.00010
рочем,	2644	0.00010
своими	2639	0.00010
очувст	2639	0.00010
ходило	2638	0.00010
оворят	2635	0.00010
стории	2635	0.00010
произн	2635	0.00010
, — по	2634	0.00010
зывают	2634	0.00010
ного н	2629	0.00010
короле	2628	0.00010
что за	2628	0.00010
меня п	2627	0.00010
так же	2624	0.00010
исполн	2623	0.00010
если н	2622	0.00010
роблем	2620	0.00010
стичес	2619	0.00010
стрети	2618	0.00010
одобно	2615	0.00010
и меня	2615	0.00010
за ним	2614	0.00010
животн	2613	0.00010
его со	2611	0.00010
е заме	2611	0.00010
деленн	2609	0.00010
ой про	2608	0.00010
е знал	2607	0.00010
редлож	2606	0.00010
ение н	2606	0.00010
едстви	2606	0.00010
ожидан	2605	0.00010
звраща	2605	0.00010
видели	2604	0.00010
не мен	2601	0.00010
тся, ч	2600	0.00010
ольств	2600	0.00010
и пост	2600	0.00010
вать в	2598	0.00010
й, как	2595	0.00010
о не о	2594	0.00010
, посл	2593	0.00010
ла его	2593	0.00010
в одно	2591	0.00010
крайне	2591	0.00010
ографи	2591	0.00010
оличес	2590	0.00010
считал	2590	0.00010
аблюда	2586	0.00010
нно по	2584	0.00010
пожалу	2584	0.00010
. он с	2582	0.00010
ленные	2582	0.00010
поверн	2581	0.00010
таться	2580	0.00010
овался	2580	0.00010
сподин	2576	0.00010
и на с	2575	0.00010
аходил	2574	0.00010
ечение	2573	0.00009
ы, кот	2571	0.00009
нитель	2570	0.00009
енщина	2570	0.00009
ходитс	2570	0.00009
принес	2570	0.00009
ть про	2568	0.00009
го был	2567	0.00009
в друг	2562	0.00009
ался п	2561	0.00009
они пр	2560	0.00009
относи	2557	0.00009
органи	2554	0.00009
о имен	2554	0.00009
вовани	2553	0.00009
очеред	2553	0.00009
а стол	2550	0.00009
о кото	2548	0.00009
ожалуй	2547	0.00009
л меня	2547	0.00009
капита	2546	0.00009
ко мне	2545	0.00009
ся в п	2543	0.00009
е сказ	2542	0.00009
ы, что	2540	0.00009
о всех	2539	0.00009
провод	2538	0.00009
страда	2531	0.00009
и боль	2530	0.00009
когда-	2530	0.00009
лись к	2528	0.00009
к тому	2527	0.00009
казал,	2527	0.00009
осторо	2526	0.00009
ной по	2525	0.00009
ал его	2524	0.00009
ого ра	2523	0.00009
о прав	2521	0.00009
о мног	2520	0.00009
компан	2520	0.00009
замеча	2518	0.00009
о того	2518	0.00009
тавлял	2517	0.00009
, он п	2516	0.00009
им обр	2513	0.00009
означа	2513	0.00009
оверну	2513	0.00009
природ	2512	0.00009
затель	2511	0.00009
оизвод	2509	0.00009
ли про	2509	0.00009
событи	2508	0.00009
достав	2508	0.00009
анного	2507	0.00009
. посл	2506	0.00009
жество	2504	0.00009
и и по	2503	0.00009
тально	2503	0.00009
ническ	2498	0.00009
. но в	2496	0.00009
произо	2495	0.00009
меня с	2494	0.00009
альног	2494	0.00009
ь на с	2493	0.00009
евозмо	2488	0.00009
похоже	2486	0.00009
полити	2484	0.00009
лазами	2482	0.00009
вилась	2481	0.00009
ельных	2480	0.00009
ритель	2480	0.00009
публик	2479	0.00009
помнит	2476	0.00009
кого с	2471	0.00009
сквозь	2470	0.00009
его от	2469	0.00009
ился к	2468	0.00009
планет	2468	0.00009
еческо	2464	0.00009
ак раз	2464	0.00009
разуме	2462	0.00009
далось	2462	0.00009
ние на	2460	0.00009
вленны	2460	0.00009
аже не	2460	0.00009
и прин	2459	0.00009
ображе	2458	0.00009
она по	2458	0.00009
о меня	2456	0.00009
бражен	2456	0.00009
ленный	2454	0.00009
о не м	2454	0.00009
полови	2453	0.00009
а не с	2450	0.00009
и расс	2449	0.00009
телось	2448	0.00009
вать н	2447	0.00009
тобы с	2445	0.00009
тились	2444	0.00009
л голо	2444	0.00009
омпани	2441	0.00009
приказ	2440	0.00009
делени	2440	0.00009
ить, ч	2440	0.00009
принят	2440	0.00009
понятн	2438	0.00009
ыло не	2437	0.00009
постро	2435	0.00009
ограмм	2432	0.00009
подход	2432	0.00009
хотело	2431	0.00009
аходит	2431	0.00009
чатель	2431	0.00009
его бы	2431	0.00009
жности	2430	0.00009
тересн	2428	0.00009
сследо	2427	0.00009
ного р	2427	0.00009
ает на	2425	0.00009
я на п	2424	0.00009
ижения	2424	0.00009
то дел	2423	0.00009
но под	2422	0.00009
всем н	2421	0.00009
ится в	2420	0.00009
жестве	2420	0.00009
ереста	2419	0.00009
главно	2419	0.00009
это по	2418	0.00009
лись о	2418	0.00009
ходимо	2416	0.00009
десять	2414	0.00009
твенни	2414	0.00009
гласил	2414	0.00009
обы по	2413	0.00009
редств	2412	0.00009
ак это	2405	0.00009
е не б	2404	0.00009
холодн	2404	0.00009
переме	2403	0.00009
средст	2402	0.00009
кричал	2402	0.00009
девушк	2401	0.00009
отелос	2401	0.00009
были п	2401	0.00009
ого со	2397	0.00009
но, по	2397	0.00009
надлеж	2396	0.00009
невозм	2395	0.00009
соврем	2395	0.00009
пока н	2391	0.00009
окойно	2390	0.00009
соедин	2390	0.00009
еревод	2389	0.00009
стоянн	2388	0.00009
, каки	2387	0.00009
овольс	2387	0.00009
е пони	2386	0.00009
ться п	2386	0.00009
понял,	2383	0.00009
не пре	2382	0.00009
своему	2382	0.00009
прибли	2381	0.00009
али, ч	2380	0.00009
ться к	2380	0.00009
а пред	2380	0.00009
вольст	2377	0.00009
лючени	2374	0.00009
ологич	2374	0.00009
ональн	2374	0.00009
– спро	2373	0.00009
течени	2372	0.00009
сначал	2371	0.00009
верное	2371	0.00009
о свои	2368	0.00009
объект	2367	0.00009
правед	2367	0.00009
говорю	2366	0.00009
ть, по	2366	0.00009
довани	2364	0.00009
что же	2364	0.00009
о сдел	2363	0.00009
е прои	2361	0.00009
что мы	2361	0.00009
______	2361	0.00009
ется и	2360	0.00009
никаки	2359	0.00009
требов	2359	0.00009
оловин	2357	0.00009
равда,	2357	0.00009
писыва	2356	0.00009
ребова	2355	0.00009
венног	2355	0.00009
с друг	2354	0.00009
ыло бы	2354	0.00009
ь толь	2353	0.00009
ения о	2352	0.00009
ножест	2350	0.00009
множес	2350	0.00009
все ра	2350	0.00009
иться,	2349	0.00009
ебольш	2349	0.00009
ьше не	2345	0.00009
ечески	2342	0.00009
неболь	2342	0.00009
онимае	2341	0.00009
ядом с	2339	0.00009
имание	2339	0.00009
варива	2339	0.00009
дствен	2338	0.00009
чества	2338	0.00009
в само	2337	0.00009
к, что	2330	0.00009
не хот	2329	0.00009
восток	2328	0.00009
стоящи	2324	0.00009
итател	2324	0.00009
.↵— по	2323	0.00009
метров	2323	0.00009
е не в	2322	0.00009
молодо	2321	0.00009
исключ	2319	0.00009
специа	2317	0.00009
пециал	2315	0.00009
желани	2315	0.00009
едоста	2313	0.00009
обраща	2313	0.00009
ился с	2313	0.00009
и стра	2310	0.00009
аписан	2309	0.00009
зовать	2305	0.00009
ись по	2305	0.00009
ержать	2303	0.00009
титель	2301	0.00008
детель	2299	0.00008
велики	2298	0.00008
титься	2297	0.00008
, – от	2297	0.00008
– отве	2296	0.00008
северн	2296	0.00008
лучило	2296	0.00008
ько не	2295	0.00008
сматри	2294	0.00008
матрив	2293	0.00008
атрива	2293	0.00008
зависи	2293	0.00008
сомнен	2292	0.00008
тоятел	2291	0.00008
стояте	2291	0.00008
лизаци	2290	0.00008
ришлос	2290	0.00008
ишлось	2289	0.00008
рались	2289	0.00008
? – сп	2287	0.00008
знаете	2287	0.00008
просит	2287	0.00008
вращен	2286	0.00008
ернуть	2283	0.00008
рожден	2283	0.00008
л на н	2282	0.00008
у, кот	2281	0.00008
днажды	2281	0.00008
однажд	2281	0.00008
функци	2281	0.00008
м мест	2278	0.00008
рганиз	2278	0.00008
процес	2277	0.00008
роцесс	2276	0.00008
ли они	2276	0.00008
еленно	2275	0.00008
о на с	2274	0.00008
или не	2274	0.00008
придет	2273	0.00008
выходи	2271	0.00008
наступ	2269	0.00008
талось	2269	0.00008
то его	2268	0.00008
снован	2267	0.00008
авильн	2265	0.00008
иватьс	2264	0.00008
вскоре	2264	0.00008
словам	2264	0.00008
, что,	2262	0.00008
все же	2261	0.00008
что бы	2260	0.00008
обратн	2259	0.00008
уплени	2259	0.00008
оответ	2259	0.00008
туплен	2258	0.00008
.↵— да	2257	0.00008
и глаз	2255	0.00008
овение	2254	0.00008
сталос	2254	0.00008
потеря	2254	0.00008
